;entry_type_num;PROX;REPHRASE;DEL;ADD;EXAMPLE;EXPLAIN;EXPLICIT;REORDER;SPLIT;verb_tense_change;simple_synonym;word2phrase;phrase2word;phrase2phrase;pron_explicitation;num_svo_ooo;ter;percent_deleted_unused;percent_added_unused;token_length_ratio;nbchars_ratio;reg_nbchars;sim_nbchars;levsim;wordrank_ratio;reg_wordrank;sim_wordrank;deptree_depth_ratio
sum;4447.0;856.0;3335.0;1496.0;698.0;17.0;169.0;385.0;2951.0;757.0;615.0;14434.0;344.0;0.0;0.0;311.0;37.0;;;;;;;;;;;;
mean;1.2387186629526463;0.2384401114206128;0.9289693593314763;0.41671309192200556;0.1944289693593315;0.004735376044568245;0.047075208913649025;0.10724233983286909;0.8220055710306406;0.21086350974930362;0.1713091922005571;4.020612813370474;0.0958217270194986;0.0;0.0;0.10394385026737968;0.010402024177677818;0.5810987307020187;0.0;0.0;1.2697239972363006;1.317670732594883;102.05013927576601;81.8841225626741;45.554874651810586;0.9669409808207021;-11.479597365954596;-11.072134029134986;1.3069884342255733
median;1.0;0.0;1.0;0.0;0.0;0.0;0.0;0.0;1.0;0.0;0.0;3.0;0.0;0.0;0.0;0.0;0.0;0.4583333333333333;0.0;0.0;1.125;1.178082191780822;97.0;76.0;37.0;0.9830693829840258;-11.392266988775;-10.970230817775;1.1666666666666667
std;0.4930325654293635;0.42618894865601736;0.2569118023355588;0.4930831729633945;0.3958155958243625;0.06866050847569571;0.21182925360160618;0.3094642091262002;0.38256134034621814;0.40797849688463966;0.42936410853446044;3.2891860206877657;0.3457489018379105;0.0;0.0;0.4853843302302284;0.10147273942441515;0.5141109148624685;0.0;0.0;0.48614366301452444;0.4751570412205703;42.36538833090796;36.68037525633684;33.95250435766986;0.08816190600365781;1.4742321942409697;1.5639849281553293;0.5237630104407092
