;entry_type_num;PROX;REPHRASE;DEL;ADD;EXAMPLE;EXPLAIN;EXPLICIT;REORDER;SPLIT;verb_tense_change;simple_synonym;word2phrase;phrase2word;phrase2phrase;pron_explicitation;num_svo_ooo;ter;percent_deleted_unused;percent_added_unused;token_length_ratio;nbchars_ratio;reg_nbchars;sim_nbchars;levsim;wordrank_ratio;reg_wordrank;sim_wordrank;deptree_depth_ratio
sum;26844.0;3926.0;18769.0;6914.0;4280.0;59.0;1240.0;2350.0;16567.0;5904.0;2781.0;79617.0;1692.0;0.0;0.0;2076.0;249.0;;;;;;;;;;;;
mean;1.3422;0.1963;0.93845;0.3457;0.214;0.00295;0.062;0.1175;0.82835;0.2952;0.13905;3.98085;0.0846;0.0;0.0;0.12230470130788264;0.012610787541149658;0.46374615673343234;0.0;0.0;1.18303061610724;1.2239454574151256;97.8895;82.84;38.58525;0.9740306495245057;-11.503477304697899;-11.177887846136379;1.2935990776581303
median;1.0;0.0;1.0;0.0;0.0;0.0;0.0;0.0;1.0;0.0;0.0;3.0;0.0;0.0;0.0;0.0;0.0;0.375;0.0;0.0;1.0909090909090908;1.137931034482759;91.0;77.0;31.0;0.986123954146953;-11.4708203077125;-11.122031569474998;1.2
std;0.5636621734268565;0.39720800433769643;0.24034243429799534;0.4756078428085549;0.4101370632124474;0.054235086173330734;0.2411615805749275;0.32202319007603686;0.37708538445471274;0.4561440160389791;0.38577524366777516;2.9587532828117706;0.3460474352474991;0.0;0.0;0.4611901637897193;0.11159026050230153;0.36208885789143214;0.0;0.0;0.3353375640736547;0.3234795858519225;39.17598789630432;35.164338846853454;28.73502075009474;0.08410346762752183;1.4248927298208311;1.5117873588460402;0.4584628536035303
