;entry_type_num;PROX;REPHRASE;DEL;ADD;EXAMPLE;EXPLAIN;EXPLICIT;REORDER;SPLIT;verb_tense_change;simple_synonym;word2phrase;phrase2word;phrase2phrase;pron_explicitation;num_svo_ooo;ter;percent_deleted_unused;percent_added_unused;token_length_ratio;nbchars_ratio;reg_nbchars;sim_nbchars;levsim;wordrank_ratio;reg_wordrank;sim_wordrank;deptree_depth_ratio
sum;430.0;95.0;255.0;136.0;106.0;2.0;11.0;47.0;104.0;83.0;89.0;1010.0;41.0;22.0;46.0;45.0;6.0;;;;;;;;;;;;
mean;1.3395638629283488;0.29595015576323985;0.794392523364486;0.4236760124610592;0.3302180685358255;0.006230529595015576;0.03426791277258567;0.14641744548286603;0.32398753894080995;0.2585669781931464;0.2772585669781931;3.146417445482866;0.1277258566978193;0.06853582554517133;0.14330218068535824;0.2777777777777778;0.019543973941368076;0.6455049461049162;0.42140504249076516;0.32601376965844;1.120381237961145;1.173862078701824;69.42679127725857;62.61682242990654;46.28660436137071;0.9528533100820257;-9.11310079721877;-8.583246357720482;1.2830969832229682
median;1.0;0.0;1.0;0.0;0.0;0.0;0.0;0.0;0.0;0.0;0.0;2.0;0.0;0.0;0.0;0.0;0.0;0.6666666666666666;0.4516129032258064;0.3333333333333333;1.0;1.0612244897959184;57.0;52.0;40.0;0.9680885962529288;-8.86423444745;-8.11324548725;1.0
std;0.6072158258725073;0.45718136172397505;0.40477581195511825;0.4949118049754419;0.4710257581040635;0.07881027337873632;0.18220055021443365;0.35407617498880667;0.46872598588539627;0.43853071731767285;0.5977143641064602;3.3560199549011482;0.3943477204328585;0.2766553126071673;0.557360127320281;0.5923948657936137;0.13865290462855065;0.4517973885052219;0.2959177223414824;0.2777624538606825;0.40246549240820834;0.43402840606191223;48.66706180759656;46.45225603909346;39.54797847230761;0.13271731289770608;1.8056531271941976;1.655764837825733;0.6325262569792423
