;entry_type_num;PROX;REPHRASE;DEL;ADD;EXAMPLE;EXPLAIN;EXPLICIT;REORDER;SPLIT;verb_tense_change;simple_synonym;word2phrase;phrase2word;phrase2phrase;pron_explicitation;num_svo_ooo;ter;percent_deleted_unused;percent_added_unused;token_length_ratio;nbchars_ratio;reg_nbchars;sim_nbchars;levsim;wordrank_ratio;reg_wordrank;sim_wordrank;deptree_depth_ratio
sum;735.0;95.0;255.0;185.0;165.0;2.0;11.0;47.0;104.0;83.0;89.0;1010.0;41.0;22.0;46.0;45.0;6.0;;;;;;;;;;;;
mean;1.9342105263157894;0.25;0.6710526315789473;0.4868421052631579;0.4342105263157895;0.005263157894736842;0.02894736842105263;0.12368421052631579;0.2736842105263158;0.21842105263157896;0.23421052631578948;2.6578947368421053;0.10789473684210527;0.05789473684210526;0.12105263157894737;0.20361990950226244;0.01639344262295082;0.9163344413149423;0.3559763648408832;0.27539584226410324;0.9464273089092832;1.138397967562796;62.62105263157895;53.794736842105266;46.28660436137071;0.8266646284765681;-8.741111694199736;-7.47478924645033;1.1131733286880345
median;1.0;0.0;1.0;0.0;0.0;0.0;0.0;0.0;0.0;0.0;0.0;2.0;0.0;0.0;0.0;0.0;0.0;0.75;0.3651515151515151;0.2222222222222222;1.0;1.0491803278688523;49.0;42.0;40.0;0.9434236477744218;-8.6439418793;-7.8897814154749994;1.0
std;1.5040449096108706;0.4335835824326667;0.4704502389219965;0.5004858075960344;0.496306312232403;0.07245185252698798;0.16787967599774933;0.32965498116999997;0.4464366158737193;0.4137193822630295;0.5583505276815409;3.2880716356610473;0.36530363193902976;0.2554230583923577;0.5147727396394512;0.5215235725187491;0.12715689094888688;1.4771770611203816;0.3119101900397249;0.2812796860313615;0.5493923624118109;0.47240529713724383;48.126795798422734;47.69051474350519;39.547978472307605;0.34622728368714867;2.281695384842342;3.264370043952056;0.7325490756485257
