;entry_type_num;PROX;REPHRASE;DEL;ADD;EXAMPLE;EXPLAIN;EXPLICIT;REORDER;SPLIT;verb_tense_change;simple_synonym;word2phrase;phrase2word;phrase2phrase;pron_explicitation;num_svo_ooo;ter;percent_deleted_unused;percent_added_unused;token_length_ratio;nbchars_ratio;reg_nbchars;sim_nbchars;levsim;wordrank_ratio;reg_wordrank;sim_wordrank;deptree_depth_ratio
sum;47860.0;2144.0;11053.0;8259.0;9049.0;52.0;93.0;2311.0;6376.0;3063.0;1805.0;55190.0;1303.0;500.0;435.0;2265.0;213.0;;;;;;;;;;;;
mean;2.68063179119525;0.12008513498375714;0.6190769575445279;0.46258541503304584;0.5068332026436653;0.0029125126022179902;0.005208916769351406;0.12943878122549568;0.35711885291811357;0.17155819424218663;0.10109779321160524;3.0911840483925173;0.07298084462865465;0.028004928867480676;0.02436428811470819;0.14801019407959223;0.012073461058836867;1.5919398093281196;0.16615659434877575;0.21463836658538726;0.7685085916344924;1.0470151010643118;79.79287554609611;57.86098353310182;41.08842087312415;0.7119737105513376;-9.097355746732289;-7.4219971938903795;0.930651854113619
median;2.0;0.0;1.0;0.0;1.0;0.0;0.0;0.0;0.0;0.0;0.0;2.0;0.0;0.0;0.0;0.0;0.0;0.6538461538461539;0.0;0.0;0.9655172413793104;1.0;75.0;53.0;29.0;0.9624373892134412;-10.015195608125;-9.3148217201;1.0
std;1.9606411535250836;0.3250701677111317;0.4856273130749651;0.49861214753618643;0.4999673069061503;0.05389056073164098;0.07198662516523634;0.33569434748018184;0.4791636855509627;0.3770065531689985;0.35028203048739975;3.6782878961147927;0.30252267082209255;0.18240499170390645;0.180305375039359;0.4397986812650307;0.10921707161253544;3.456016900808084;0.24509747454680827;0.32193276190324654;0.6913409849059478;0.6586832338262003;50.858077049957096;50.08651953183648;44.37660570148735;0.43985687645307253;3.356380623125555;4.398488307532011;0.7391974390656472
