;entry_type_num;PROX;REPHRASE;DEL;ADD;EXAMPLE;EXPLAIN;EXPLICIT;REORDER;SPLIT;verb_tense_change;simple_synonym;word2phrase;phrase2word;phrase2phrase;pron_explicitation;num_svo_ooo;ter;percent_deleted_unused;percent_added_unused;token_length_ratio;nbchars_ratio;reg_nbchars;sim_nbchars;levsim;wordrank_ratio;reg_wordrank;sim_wordrank;deptree_depth_ratio
sum;1946.0;297.0;1369.0;526.0;396.0;6.0;6.0;297.0;810.0;412.0;278.0;7272.0;183.0;75.0;81.0;285.0;29.0;;;;;;;;;;;;
mean;1.372355430183357;0.20944992947813823;0.9654442877291961;0.3709449929478138;0.27926657263751764;0.004231311706629055;0.004231311706629055;0.20944992947813823;0.5712270803949224;0.29055007052186177;0.19605077574047955;5.128349788434415;0.12905500705218617;0.05289139633286319;0.057122708039492244;0.2569882777276826;0.021014492753623187;0.4742585520456281;0.3170078951598128;0.23645574119201687;1.1830511699331994;1.2450395692712757;97.61424541607899;85.72990126939351;49.67348377997179;0.9584323631543323;-9.831692667705871;-9.38089650886042;1.3338140152665379
median;1.0;0.0;1.0;0.0;0.0;0.0;0.0;0.0;1.0;0.0;0.0;4.0;0.0;0.0;0.0;0.0;0.0;0.4615384615384616;0.2788888888888889;0.1818181818181818;1.0;1.0461647727272727;88.5;75.0;39.0;0.9813762444644105;-9.8460941315;-9.26283836365;1.0
std;0.639444632042178;0.4070595896037222;0.18271606074957875;0.48322818666521905;0.4487970569548826;0.06493366752599927;0.06493366752599927;0.4070595896037222;0.49507529910665293;0.45417639398809456;0.4597396430699931;3.7717742660419997;0.37698702798998807;0.27483637946951633;0.2713996506894492;0.5471936451033818;0.1434845028058006;0.3565393548239674;0.2849287887213804;0.24478584649124235;0.5285055152158035;0.604049872853808;49.04414493704549;45.9155091639281;45.42916829174506;0.09432075803697393;1.3735432441447457;1.377177152766153;0.6480908629548774
