;entry_type_num;PROX;REPHRASE;DEL;ADD;EXAMPLE;EXPLAIN;EXPLICIT;REORDER;SPLIT;verb_tense_change;simple_synonym;word2phrase;phrase2word;phrase2phrase;pron_explicitation;num_svo_ooo;ter;percent_deleted_unused;percent_added_unused;token_length_ratio;nbchars_ratio;reg_nbchars;sim_nbchars;levsim;wordrank_ratio;reg_wordrank;sim_wordrank;deptree_depth_ratio
sum;15451.0;2144.0;11053.0;3912.0;2923.0;47.0;83.0;2311.0;6376.0;3063.0;1805.0;55190.0;1303.0;500.0;435.0;2265.0;213.0;;;;;;;;;;;;
mean;1.3174454297407914;0.18281036834924966;0.9424454297407913;0.33356070941336974;0.2492326057298772;0.004007503410641201;0.007077080491132333;0.19704979536152797;0.543656207366985;0.26116984993178716;0.15390518417462484;4.705832196452933;0.11110163710777626;0.04263301500682128;0.03709072305593451;0.2468126838836221;0.018496005557485238;0.3853592561173472;0.25294677997126896;0.17559893719226247;1.169931138731431;1.205835007680394;91.4093622100955;81.04578785811732;41.08842087312415;0.9758677862476769;-10.138719048876856;-9.848935553132852;1.2755992969710457
median;1.0;0.0;1.0;0.0;0.0;0.0;0.0;0.0;1.0;0.0;0.0;4.0;0.0;0.0;0.0;0.0;0.0;0.35;0.1818181818181818;0.0916083916083916;1.0;1.0;83.0;71.0;29.0;1.0;-10.2802153826125;-9.8817639351;1.0
std;0.5729134166572184;0.38652745906931685;0.23290913914965122;0.47150495080123567;0.4325871819015895;0.06318056418395512;0.08383074995459416;0.39778721139731227;0.498111725784699;0.43929103538330533;0.42268749394525096;3.605363497885562;0.3675498754750989;0.2236703780253867;0.22140614670820769;0.5460455915346205;0.13474227205977768;0.34147701435898503;0.26362600680442444;0.21512255900305982;0.5078881294089694;0.555116473029329;47.26247010669005;44.21222608749589;44.37660570148734;0.08742963545927261;1.5048398219127626;1.447411369396019;0.5557936614697755
