;entry_type_num;PROX;REPHRASE;DEL;ADD;EXAMPLE;EXPLAIN;EXPLICIT;REORDER;SPLIT;verb_tense_change;simple_synonym;word2phrase;phrase2word;phrase2phrase;pron_explicitation;num_svo_ooo;ter;percent_deleted_unused;percent_added_unused;token_length_ratio;nbchars_ratio;reg_nbchars;sim_nbchars;levsim;wordrank_ratio;reg_wordrank;sim_wordrank;deptree_depth_ratio
sum;13240.0;591.0;3400.0;2002.0;2413.0;23.0;50.0;760.0;2150.0;1019.0;431.0;16554.0;389.0;145.0;149.0;758.0;46.0;;;;;;;;;;;;
mean;2.5525351841141313;0.1139386928860613;0.6554848660111818;0.38596491228070173;0.4652014652014652;0.004434162328899171;0.00963948332369385;0.14652014652014653;0.41449778291883554;0.19645267013688067;0.08309234625024099;3.19144013880856;0.07499518025833815;0.027954501638712166;0.028725660304607673;0.16535776614310646;0.00897736143637783;1.932332855429833;0.15781484058574421;0.2266989370006947;0.803919925506071;1.0093733860486778;81.8958935801041;65.4671293618662;38.25729223995597;0.7783466395879448;-8.883730280371323;-8.068423721244997;1.0252087900297395
median;2.0;0.0;1.0;0.0;0.0;0.0;0.0;0.0;0.0;0.0;0.0;2.0;0.0;0.0;0.0;0.0;0.0;0.5277777777777778;0.0;0.0;1.0;1.0;75.0;58.0;23.0;0.9784930610731976;-10.09035396575;-9.523925066;1.0
std;1.9463709425974283;0.3177674217170973;0.4752557221729719;0.4868692822090359;0.4988356795427677;0.0664481133481965;0.09771593789484186;0.3536610051514441;0.4926826239061571;0.39735306465272924;0.30963048488559247;3.840055696980536;0.30795685224724095;0.18155740804123716;0.20061603765676594;0.43785993286449565;0.09433188777153774;4.36794394402252;0.23637548637576516;0.33796561822739746;0.6376480049050557;0.6072595959542373;57.51563073742012;52.11376417805621;45.705228519867404;0.398731241969894;3.5631920889415913;3.9720311811377673;0.7154643512204067
