;entry_type_num;PROX;REPHRASE;DEL;ADD;EXAMPLE;EXPLAIN;EXPLICIT;REORDER;SPLIT;verb_tense_change;simple_synonym;word2phrase;phrase2word;phrase2phrase;pron_explicitation;num_svo_ooo;ter;percent_deleted_unused;percent_added_unused;token_length_ratio;nbchars_ratio;reg_nbchars;sim_nbchars;levsim;wordrank_ratio;reg_wordrank;sim_wordrank;deptree_depth_ratio
sum;8465.0;297.0;1369.0;1507.0;1646.0;8.0;6.0;297.0;810.0;412.0;278.0;7272.0;183.0;75.0;81.0;285.0;29.0;;;;;;;;;;;;
mean;3.1727886056971513;0.11131934032983508;0.5131184407796102;0.5648425787106447;0.6169415292353823;0.0029985007496251873;0.0022488755622188904;0.11131934032983508;0.30359820089955025;0.15442278860569716;0.10419790104947527;2.7256371814092955;0.06859070464767617;0.02811094452773613;0.030359820089955022;0.12081390419669351;0.011026615969581748;1.7127056322341456;0.16848470589828135;0.22628719678046474;0.6287730730754412;1.0465122164947651;86.17766116941529;49.96176911544228;49.67348377997179;0.5665098336610435;-8.794537715333723;-5.864599468646439;0.7883902766352441
median;2.0;0.0;1.0;1.0;1.0;0.0;0.0;0.0;0.0;0.0;0.0;1.0;0.0;0.0;0.0;0.0;0.0;0.9583333333333334;0.0;0.0;0.6818181818181818;1.0;78.0;42.0;39.0;0.873662802818617;-9.618302583675;-8.0659532547;1.0
std;1.9937420329316353;0.314586137514076;0.499921574116615;0.49587054939361686;0.48622349739423637;0.054686658966492996;0.04737783709240073;0.314586137514076;0.4598973888550871;0.3614212929415557;0.34910189744362946;3.7563178334425618;0.2822374986475891;0.2020625547340581;0.1998695249066108;0.3964259524202573;0.1044470089861248;3.370501163355224;0.2610885773633111;0.33292542498904526;0.7050176687050449;0.7173179574326044;55.858100619350964;52.540712517624684;45.42916829174506;0.4768411922504368;3.2467351829185342;4.613053438252602;0.8236387384007497
