;entry_type_num;PROX;REPHRASE;DEL;ADD;EXAMPLE;EXPLAIN;EXPLICIT;REORDER;SPLIT;verb_tense_change;simple_synonym;word2phrase;phrase2word;phrase2phrase;pron_explicitation;num_svo_ooo;ter;percent_deleted_unused;percent_added_unused;token_length_ratio;nbchars_ratio;reg_nbchars;sim_nbchars;levsim;wordrank_ratio;reg_wordrank;sim_wordrank;deptree_depth_ratio
sum;4845.0;591.0;3400.0;1079.0;860.0;17.0;46.0;760.0;2150.0;1019.0;431.0;16554.0;389.0;145.0;149.0;758.0;46.0;;;;;;;;;;;;
mean;1.333241607044579;0.16263070996147497;0.9356081452944414;0.2969179966978536;0.23665382498624105;0.004678040726472207;0.012658227848101266;0.20913593835993396;0.5916345624656026;0.28040726472206934;0.1186020913593836;4.5553109521188775;0.10704457897633461;0.039900935608145296;0.04100165107319758;0.25008248102936326;0.01288154578549426;0.3357211120293188;0.225257451325882;0.15072291380360095;1.1474773400110045;1.1843610671743432;95.20308200330214;84.40946615299944;38.25729223995597;0.9760389753996326;-10.127279811860257;-9.853688721025282;1.2856016665287626
median;1.0;0.0;1.0;0.0;0.0;0.0;0.0;0.0;1.0;0.0;0.0;4.0;0.0;0.0;0.0;0.0;0.0;0.2727272727272727;0.1428571428571428;0.0;1.0;1.0;85.0;73.0;23.0;1.0;-10.3693971633875;-10.0074359178625;1.0
std;0.5812570292632958;0.3690791877793291;0.24548345487388323;0.4569629760212249;0.42508648122297843;0.06824542687991639;0.11180982625500836;0.40674761736879467;0.49159903308574915;0.44926002628949546;0.36419826945311157;3.8516168706402985;0.363243659508968;0.21581713080529094;0.23863703381629855;0.5184508147549265;0.11277931264033614;0.3141591749419747;0.2540894545768749;0.202954882411784;0.43135767064369746;0.4747695504623504;53.84259031844321;48.00512265755037;45.705228519867404;0.07981355698106625;1.413551665814555;1.4153851401452375;0.5541535525716019
