;entry_type_num;PROX;REPHRASE;DEL;ADD;EXAMPLE;EXPLAIN;EXPLICIT;REORDER;SPLIT;verb_tense_change;simple_synonym;word2phrase;phrase2word;phrase2phrase;pron_explicitation;num_svo_ooo;ter;percent_deleted_unused;percent_added_unused;token_length_ratio;nbchars_ratio;reg_nbchars;sim_nbchars;levsim;wordrank_ratio;reg_wordrank;sim_wordrank;deptree_depth_ratio
sum;665.0;124.0;495.0;284.0;127.0;1.0;57.0;88.0;348.0;96.0;55.0;2342.0;52.0;33.0;42.0;47.0;11.0;;;;;;;;;;;;
mean;1.2523540489642184;0.2335216572504708;0.9322033898305084;0.5348399246704332;0.2391713747645951;0.0018832391713747645;0.10734463276836158;0.1657250470809793;0.655367231638418;0.1807909604519774;0.10357815442561205;4.410546139359699;0.09792843691148775;0.062146892655367235;0.07909604519774012;0.10262008733624454;0.02131782945736434;0.5670887970706386;0.39896170793130364;0.21536188335868792;1.5689999643542754;1.6661095587091534;118.29378531073446;85.83050847457628;75.85310734463278;0.9724766580782769;-11.393164490800755;-11.053973061890726;1.3825566324118912
median;1.0;0.0;1.0;1.0;0.0;0.0;0.0;0.0;1.0;0.0;0.0;4.0;0.0;0.0;0.0;0.0;0.0;0.6206896551724138;0.42;0.1764705882352941;1.1428571428571428;1.2098765432098766;106.0;77.0;64.0;0.9914630022101004;-11.3876671791;-11.018630504625;1.2
std;0.5666594555495952;0.42347019787978313;0.2516336136839774;0.49925503255859993;0.42697981792456996;0.043396303660274624;0.30984279620905814;0.37218426116408054;0.4756965169172751;0.3852077797481636;0.3510179308073671;3.6046356269470317;0.3218687218639683;0.26403670607591767;0.33273584656316124;0.9287256932686908;0.14458177970027558;0.38574120281768254;0.2949604878931136;0.21137080930452165;1.1873678846985525;1.3255024707054714;61.9041585686876;47.715840211605375;66.11825515585309;0.10007034919525261;1.2533339041235532;1.4981700546426677;0.7042681314786879
