;entry_type_num;PROX;REPHRASE;DEL;ADD;EXAMPLE;EXPLAIN;EXPLICIT;REORDER;SPLIT;verb_tense_change;simple_synonym;word2phrase;phrase2word;phrase2phrase;pron_explicitation;num_svo_ooo;ter;percent_deleted_unused;percent_added_unused;token_length_ratio;nbchars_ratio;reg_nbchars;sim_nbchars;levsim;wordrank_ratio;reg_wordrank;sim_wordrank;deptree_depth_ratio
sum;596333.0;109224.0;442800.0;223446.0;149682.0;4009.0;74460.0;73638.0;408687.0;82328.0;54641.0;1926000.0;36721.0;0.0;0.0;58643.0;5797.0;;;;;;;;;;;;
mean;1.2325997672596791;0.2257622452206589;0.9152523454891577;0.46185518425964395;0.30938753743791353;0.008286464889489687;0.1539062548444505;0.1522072091624449;0.8447419496859245;0.1701691397909471;0.11294106461127612;3.980975649078857;0.0759010419573337;0.0;0.0;0.14283765713408858;0.01223083512319449;0.8969070036587989;0.0;0.0;1.4467879203168934;1.5175815597771674;112.58885988247233;88.50095183763572;71.61261138360607;0.9929113760377418;-11.652132041669788;-11.52251337620492;1.4881268387886037
median;1.0;0.0;1.0;0.0;0.0;0.0;0.0;0.0;1.0;0.0;0.0;3.0;0.0;0.0;0.0;0.0;0.0;0.6666666666666666;0.0;0.0;1.1333333333333333;1.18;103.0;78.0;61.0;0.9975025200306714;-11.481968641275;-11.36709785465;1.2
std;0.5481848038260373;0.4180837417872089;0.2785061038671852;0.49854336498151597;0.46224163676482993;0.0906521724784811;0.36085923671591946;0.3592219945431675;0.36215087907668525;0.37578171261236165;0.3546414246469241;3.4413892819471954;0.3161095599677865;0.0;0.0;0.5640655315566184;0.10991481831453738;0.8961197342238884;0.0;0.0;0.9345216967493525;1.0057902052311893;55.14731352254683;48.752146724798806;55.40333087421028;0.1200044239403102;1.543729280431182;1.7815393195586755;0.8292231560941216
