;entry_type_num;PROX;REPHRASE;DEL;ADD;EXAMPLE;EXPLAIN;EXPLICIT;REORDER;SPLIT;verb_tense_change;simple_synonym;word2phrase;phrase2word;phrase2phrase;pron_explicitation;num_svo_ooo;ter;percent_deleted_unused;percent_added_unused;token_length_ratio;nbchars_ratio;reg_nbchars;sim_nbchars;levsim;wordrank_ratio;reg_wordrank;sim_wordrank;deptree_depth_ratio
sum;21502.0;50.0;256.0;4069.0;4255.0;13.0;50.0;39.0;204.0;34.0;21.0;1046.0;20.0;18.0;17.0;36.0;19.0;;;;;;;;;;;;
mean;4.810290827740492;0.011185682326621925;0.05727069351230425;0.9102908277404922;0.9519015659955258;0.0029082774049217002;0.011185682326621925;0.0087248322147651;0.04563758389261745;0.007606263982102908;0.004697986577181208;0.23400447427293064;0.0044742729306487695;0.004026845637583893;0.003803131991051454;0.008124576844955992;0.004253413924334005;1.8317374851946822;0.018456353990795437;0.06093056345597752;0.08350587435850469;0.748715468258477;106.19418344519016;9.197762863534676;53.667857142857144;0.06505119977742786;-10.520280202390861;-1.2326970581507775;0.08325910702341989
median;5.0;0.0;0.0;1.0;1.0;0.0;0.0;0.0;0.0;0.0;0.0;0.0;0.0;0.0;0.0;0.0;0.0;1.0;0.0;0.0;0.0;0.7370342771982117;98.0;0.0;41.0;0.0;-10.9848678112;0.0;0.0
std;0.9782973484221064;0.10518097636947261;0.2323851164547961;0.28579662268419154;0.21399817678283342;0.053855995040253346;0.10518097636947261;0.09300884250908073;0.20872120354996562;0.08689129870272283;0.08041810395487073;1.2367201333677456;0.0761435010088913;0.07317178293865066;0.0804653988423857;0.13072770386712435;0.06508664027565846;4.266602737515121;0.10097383679315647;0.22380454475324782;0.3747946415264077;0.911983586098278;62.36707583217485;29.69925775682744;56.701890087348296;0.24589082171152832;2.806455808885736;3.466644697217359;0.34028314090079537
