;entry_type_num;PROX;REPHRASE;DEL;ADD;EXAMPLE;EXPLAIN;EXPLICIT;REORDER;SPLIT;verb_tense_change;simple_synonym;word2phrase;phrase2word;phrase2phrase;pron_explicitation;num_svo_ooo;ter;percent_deleted_unused;percent_added_unused;token_length_ratio;nbchars_ratio;reg_nbchars;sim_nbchars;levsim;wordrank_ratio;reg_wordrank;sim_wordrank;deptree_depth_ratio
sum;320.0;50.0;256.0;111.0;65.0;2.0;38.0;39.0;189.0;34.0;21.0;1046.0;20.0;18.0;17.0;36.0;4.0;;;;;;;;;;;;
mean;1.1428571428571428;0.17857142857142858;0.9142857142857143;0.3964285714285714;0.23214285714285715;0.007142857142857143;0.1357142857142857;0.1392857142857143;0.675;0.12142857142857143;0.075;3.7357142857142858;0.07142857142857142;0.06428571428571428;0.060714285714285714;0.14937759336099585;0.01444043321299639;0.4495234243579609;0.29464250835305567;0.17166285526732156;1.3331116370804146;1.3690797133869297;103.94285714285714;87.07142857142857;53.667857142857144;0.9845963737740692;-11.303155464360982;-11.097274875215804;1.2601860555901907
median;1.0;0.0;1.0;0.0;0.0;0.0;0.0;0.0;1.0;0.0;0.0;3.0;0.0;0.0;0.0;0.0;0.0;0.4735054347826087;0.238095238095238;0.08514492753623185;1.0;1.0099192842555675;93.5;79.5;41.0;1.0;-11.282884120925;-11.1405422687625;1.0
std;0.3799911066951893;0.3836787997830604;0.28044292375979674;0.49003119120763605;0.4229556112084806;0.08436382817506731;0.3430981402534355;0.3468643829418204;0.46921348054225875;0.32720949287473694;0.31352430693556527;3.3720561870804353;0.29676528849704314;0.28613640093241555;0.3166120900499477;0.542457397094479;0.1195134803376604;0.3910577764833285;0.28573819869414724;0.20985536862271809;0.7604070963781628;0.819113115357219;51.5529823059638;47.69664338364456;56.701890087348296;0.09786452366758809;1.2438515713214489;1.4268686912133146;0.5196227394368094
