;entry_type_num;PROX;REPHRASE;DEL;ADD;EXAMPLE;EXPLAIN;EXPLICIT;REORDER;SPLIT;verb_tense_change;simple_synonym;word2phrase;phrase2word;phrase2phrase;pron_explicitation;num_svo_ooo;ter;percent_deleted_unused;percent_added_unused;token_length_ratio;nbchars_ratio;reg_nbchars;sim_nbchars;levsim;wordrank_ratio;reg_wordrank;sim_wordrank;deptree_depth_ratio
sum;1942.0;325.0;1367.0;791.0;349.0;14.0;219.0;207.0;990.0;176.0;140.0;6293.0;110.0;115.0;84.0;149.0;25.0;;;;;;;;;;;;
mean;1.2759526938239159;0.21353482260183967;0.8981603153745072;0.5197109067017083;0.22930354796320632;0.009198423127463863;0.14388961892247043;0.1360052562417871;0.6504599211563732;0.11563731931668857;0.09198423127463863;4.134691195795007;0.07227332457293036;0.07555847568988174;0.05519053876478318;0.11253776435045318;0.016611295681063124;0.5710699072182543;0.38515468764163385;0.2067789113677437;1.5416201182405402;1.6084867513707928;118.26544021024966;87.73850197109067;74.83902759526939;0.9819102841736099;-11.58186278409095;-11.326628517776232;1.3115726182615317
median;1.0;0.0;1.0;1.0;0.0;0.0;0.0;0.0;1.0;0.0;0.0;3.0;0.0;0.0;0.0;0.0;0.0;0.5769230769230769;0.3846153846153846;0.1428571428571428;1.1428571428571428;1.1683082018652489;103.0;76.0;57.0;0.9979125221668876;-11.4597513675875;-11.182638883574999;1.125
std;0.6880686309447441;0.40993672051752905;0.3025367750403907;0.4997755398865258;0.4205230312713119;0.09549766555458006;0.35109313042282375;0.34290681455761807;0.4769814398086023;0.3198946159068152;0.32344525973199395;4.062414783801493;0.2946486717677101;0.32261951268371214;0.2801380268697207;0.6342646649778328;0.12785234379475455;0.4816931490737036;0.29394989583787606;0.22420980412127345;1.1773849612018945;1.277978020635459;70.91548785877386;51.430259704482744;74.17865653040222;0.11165308183960634;1.5251489564974459;1.6830511859723896;0.6005691741663622
