;entry_type_num;PROX;REPHRASE;DEL;ADD;EXAMPLE;EXPLAIN;EXPLICIT;REORDER;SPLIT;verb_tense_change;simple_synonym;word2phrase;phrase2word;phrase2phrase;pron_explicitation;num_svo_ooo;ter;percent_deleted_unused;percent_added_unused;token_length_ratio;nbchars_ratio;reg_nbchars;sim_nbchars;levsim;wordrank_ratio;reg_wordrank;sim_wordrank;deptree_depth_ratio
sum;38447.0;124.0;495.0;7160.0;7570.0;11.0;84.0;88.0;354.0;96.0;55.0;2342.0;52.0;33.0;42.0;47.0;17.0;;;;;;;;;;;;
mean;4.821545021319288;0.015550539252570855;0.062076749435665914;0.8979182342613494;0.9493353398545272;0.0013794833207925758;0.010534236267870579;0.011035866566340606;0.04439428141459744;0.012039127163280662;0.00689741660396288;0.29370453975420113;0.0065211938801103585;0.004138449962377728;0.005267118133935289;0.005948614099481078;0.0021359467269757505;2.126050181997054;0.026567427503326094;0.08366334582201616;0.10448193893555559;0.8057415079003285;105.7356408327063;10.609480812641083;75.85310734463278;0.06971582360463954;-10.341841515709735;-1.455807563697956;0.09911402346573704
median;5.0;0.0;0.0;1.0;1.0;0.0;0.0;0.0;0.0;0.0;0.0;0.0;0.0;0.0;0.0;0.0;0.0;1.0;0.0;0.0;0.0;0.0;99.0;0.0;64.0;0.0;-10.984697580312499;0.0;0.0
std;0.9979948896368634;0.12373617115362766;0.24131002707015448;0.30277479300241356;0.21932575073806398;0.037118097031479655;0.10210080046011698;0.10447700749430835;0.2059824023525321;0.10906731127428677;0.094114155345493;1.4397966591339513;0.08650356591273853;0.06981675963660851;0.08802555772780823;0.2246573805263868;0.04616982009620228;5.006059710301006;0.12521253836947188;0.2597793635319671;0.4967426288501706;1.2420607714476342;64.59075961294165;31.40010953200114;66.11825515585309;0.25231301270011547;3.1499886500103282;3.6932175221939167;0.40338495672164904
