;entry_type_num;PROX;REPHRASE;DEL;ADD;EXAMPLE;EXPLAIN;EXPLICIT;REORDER;SPLIT;verb_tense_change;simple_synonym;word2phrase;phrase2word;phrase2phrase;pron_explicitation;num_svo_ooo;ter;percent_deleted_unused;percent_added_unused;token_length_ratio;nbchars_ratio;reg_nbchars;sim_nbchars;levsim;wordrank_ratio;reg_wordrank;sim_wordrank;deptree_depth_ratio
sum;145776.0;325.0;1367.0;27747.0;28814.0;73.0;337.0;207.0;1045.0;176.0;140.0;6293.0;110.0;115.0;84.0;149.0;80.0;;;;;;;;;;;;
mean;4.861306566178677;0.01083802981291893;0.045586420782339016;0.9253009637509587;0.9608830493213726;0.0024343882349017907;0.011238203221395938;0.0069029912962283654;0.034848434321539334;0.005869209990996098;0.0046686897655650785;0.20985760496215025;0.0036682562443725616;0.0038349951645713144;0.002801213859339047;0.005001846319111081;0.002669425072574994;1.814191763056864;0.019548652235654336;0.05893249998174824;0.07824543368666763;0.8076927864026215;110.05975922899923;8.047920765665122;74.83902759526939;0.05247796377948713;-10.633756827904149;-1.102668872527507;0.07009668954961905
median;5.0;0.0;0.0;1.0;1.0;0.0;0.0;0.0;0.0;0.0;0.0;0.0;0.0;0.0;0.0;0.0;0.0;1.0;0.0;0.0;0.0;0.26;100.0;0.0;57.0;0.0;-11.07347917555;0.0;0.0
std;0.871221372217357;0.103541897035771;0.20858990861578222;0.26290948114867957;0.193876425402931;0.04928024934342596;0.1054147834961971;0.08279836124836379;0.18339886205848827;0.07638688989585761;0.07559241196735719;1.2887153437085157;0.06823041043841553;0.07452890700208863;0.06424496915730285;0.13566584337541884;0.051598334085758896;4.1955641009602;0.1073787714810172;0.2205219672841304;0.4299083054496387;1.211138719501202;65.17535794388992;28.133276189753243;74.17865653040222;0.22235619718809282;2.820919596469806;3.3354727315399195;0.32602309053719924
